id,date,text,hashtags
1128811699186864133,2019-05-15 23:57:36+00:00,Huawei Freebuds 2 Pro Compatible with your Android and iPhone @United States https://www.instagram.com/p/BxgJ_GNAhTB/?igshid=f9ok0m8hjg73 …,
1128809299222908929,2019-05-15 23:48:03+00:00,This is a really interesting development. The US hasn’t been very persuasive in getting allies not to buy Huawei. So now they are going after Huawei’s US suppliers. Huawei is the world’s second largest purveyor of phones using Google’s Android system. https://www.zerohedge.com/news/2019-05-15/latest-move-against-huawei-trump-order-new-restrictions-foreign-telecom-companies …,
1128806492986073089,2019-05-15 23:36:54+00:00,"Huawei best camera, but worst android experience",
1128797937012826112,2019-05-15 23:02:54+00:00,"Huawei P8 lite Unlocked Android 4G LTE Smartphone, « Cell Phones http://tinyurl.com/y7ufgz2f",
1128797504735272962,2019-05-15 23:01:11+00:00,"If Huawei,ZTE will release the ""source codes""+ drivers of products,it can't spy. An intelligent chipset needs low source code;it is kept secret;users don't have access,they can't say what the code is doing.Users have only partial access in linux,android,iot(same for US products).",
1128779896673644544,2019-05-15 21:51:13+00:00,"Lol yes SOME fansites are rude but not all of them are..... and admit it, yall still say ""Is there *this certain moment* in HD?"" as if our iPhone, Android and Huawei Pro can capture HD moments lol",
1128776002103074817,2019-05-15 21:35:45+00:00,"Huawei Watch review: The best-looking Android Wear watch, but still just an Android Wear watch - CNET http://janskyflux.com/4b2rv3Po",
1128773187192410113,2019-05-15 21:24:34+00:00,"Messi, no Brexit, FUT, tea, iPhone (BUT I HAVE NEITHER I AM A GENERIC ANDROID USER I E. HUAWEI WHY AM I SHOUTING THIS POINT)",
1128768554168410114,2019-05-15 21:06:09+00:00,"VUELVE EL PRECIAZOO #Ofertacular #chollo #oferta #ganga Huawei Media Pad T5 - Tablet 10.1"" Full HD (Wifi, RAM de 3 GB, ROM de 32 GB, Android 8.0, EMUI 8.0) color negro : https://amzn.to/2Hd2dUl pic.twitter.com/P59kx1AXv7",#Ofertacular #chollo #oferta #ganga
1128766637115609089,2019-05-15 20:58:32+00:00,"Trump Telecom Ban Takes Aim at China, Huawei https://on.wsj.com/2LJPIoK #china #htc #huawei #Xiaomi #mobile #android #google #wireless #4g #5g #ltepic.twitter.com/YT5RzSlZSp",#china #htc #huawei #Xiaomi #mobile #android #google #wireless #4g #5g #ltepic
1128763209790435328,2019-05-15 20:44:55+00:00,"So I was attached all day here, asking @Honorglobal to go for stock android. Then how come Samsung, Huawei and Apple are top 3 leading smartphone brands in the world? – at Fatoush Restaurant",
1128760211806859270,2019-05-15 20:33:00+00:00,"HUAWEI MediaPad T5 - 10.1” Android 8.0 Tablet, 1080P Full HD Display, Kirin 695 Octa-Core Processor, RAM 2GB, ROM 16GB, Dual Stereo Speakers, 5100mAh Large Battery, Black https://buff.ly/2VqqCL9",
1128760045406162945,2019-05-15 20:32:20+00:00,New post (Huawei Nova 4e Smartphone 2019 || Review smartphone 2019 || Coming Soon Android Mobile 2019) has been published on Smartphone Review Videos & Price Comparison - https://www.smartphoneguide.news/huawei-nova-4e-smartphone-2019-review-smartphone-2019-coming-soon-android-mobile-2019/ …pic.twitter.com/yBs9kIMUtx,
1128747809317052419,2019-05-15 19:43:43+00:00,"I use these [3 Pack 3m] Micro USB Cable, Jecent 10ft Nylon Braided Android Charger Cables High Speed USB for Android Devices,Smartphones Samsung Galaxy, Kindle, Nexus, HUAWEI, LG, Sony, Nokia, HTC, Motorola Micro https://www.amazon.co.uk/dp/B06X1BKQBY/ref=cm_sw_r_cp_api_i_nVg3CbMG3ETWS …",
1128744939536433152,2019-05-15 19:32:19+00:00,"As important as RAM & Storage, yes. It's the major reason why Huawei's phones don't appeal to me. I'm a stock Android guy, all day.",
1128737322705596422,2019-05-15 19:02:03+00:00,How to restore wiped call history on Huawei Enjoy 9? - https://gmagon.com/how-to-restore-wiped-call-history-on-huawei-enjoy-9/ … Wanna get an easy way to recover your deleted call history from Huawei Enjoy 9? You can try Android Data Recovery on your computer and start the recovery process according to the guide here. ... pic.twitter.com/c9xsx6ByCi,
1128736811277344768,2019-05-15 19:00:01+00:00,"Order The Huawei Mate 20 Pro with a Smart Plan & 30GB Data, Including, Unlimited Minutes/Texts For £59 p/m @EE via @EzMobiles http://tidd.ly/88b2760b #Love #Tech #Android pic.twitter.com/qmdZ3TUOWF",#Love #Tech #Android
1128728861217312769,2019-05-15 18:28:25+00:00,@All4 Eh? I have a Huawei P30 running Android Pie? pic.twitter.com/QieGdUJ1Xv,
1128727054713872384,2019-05-15 18:21:15+00:00,Samsung and Huawei agree to settle dispute over smartphone patents http://bit.ly/2W9luiW #android,#android
1128726096017592320,2019-05-15 18:17:26+00:00,Samsung and Huawei agree to settle dispute over smartphone patents http://bit.ly/2W9luiW #tech #android,#tech #android
1128722972611612674,2019-05-15 18:05:01+00:00,New Amazfit BIP Huami Smartwatch #lanoova #lanoovastore #watch #smartwatch #smartwatches #ios #apple #android #samsung #galaxy #note #lg #motorola #huawei #bip #xiaomi #amazonamazfitpic.twitter.com/TmDawjLLQI,#lanoova #lanoovastore #watch #smartwatch #smartwatches #ios #apple #android #samsung #galaxy #note #lg #motorola #huawei #bip #xiaomi #amazonamazfitpic
1128722898108211200,2019-05-15 18:04:44+00:00,New Amazfit BIP Huami Smartwatch #lanoova #lanoovastore #watch #smartwatch #smartwatches #ios #apple #android #samsung #galaxy #note #lg #motorola #huawei #bip #xiaomi #amazonamazfithttps://youtu.be/ojwKCxfxfRI,#lanoova #lanoovastore #watch #smartwatch #smartwatches #ios #apple #android #samsung #galaxy #note #lg #motorola #huawei #bip #xiaomi #amazonamazfithttps
1128711941185261568,2019-05-15 17:21:11+00:00,If president trump signs the ban Huawei will likely have to stop using Android OS. But they’ve already put together their own OS just in case.,
1128710843665932288,2019-05-15 17:16:50+00:00,Carrier and device maker. Now if Huawei is offering their alternative ; moving away from android and offering their own App Store with media store and offering carriers a cut of the commission things will be utterly disrupted.,
1128710053777645568,2019-05-15 17:13:41+00:00,EMUI 9/Android Pie update for Huawei P20 Lite is postponed #EMUI9 #EMUI #HuaweiP20Lite #Huawei #AndroidPiehttps://www.huaweicentral.com/emui-9-android-pie-update-for-huawei-p20-lite-is-postponed/ …,#EMUI9 #EMUI #HuaweiP20Lite #Huawei #AndroidPiehttps
1128708398873292800,2019-05-15 17:07:07+00:00,"New post: Huawei P20 Lite 2019 Is Real After All, Here’s The Info: Leak – Android Headlines http://rumor.cc/index.php/2019/05/15/huawei-p20-lite-2019-is-real-after-all-heres-the-info-leak-android-headlines/ …",
1128707049892847619,2019-05-15 17:01:45+00:00,I dont have an android. Can huawei give me an android phone without money. If cant then why should i apreciate huawei or any other.,
1128705689692594176,2019-05-15 16:56:21+00:00,"""twitter for android"" Liked by Samsung, huawei and 50 others",
1128705355922305024,2019-05-15 16:55:01+00:00,Can we talk about Android for a moment? Not those Pixels because statistically nobody buys them. Samsung? Huawei? ZTE? https://twitter.com/i0n1c/status/1128587600846032896 …,
1128701711546298368,2019-05-15 16:40:32+00:00,My new Mockodile case arrived for the Huawei P30 Pro. What do you think? #RewriteTheRules #HuaweiP30Pro #ShotOnAndroid #android #mockodile http://bit.ly/2JHNrry pic.twitter.com/L8nYV31SWa,#RewriteTheRules #HuaweiP30Pro #ShotOnAndroid #android #mockodile
1128700262363934720,2019-05-15 16:34:47+00:00,"My new Mockodile case arrived for the Huawei P30 Pro. What do you think? #RewriteTheRules #HuaweiP30Pro #ShotOnAndroid #android #mockodile @Edinburgh, United Kingdom https://www.instagram.com/p/BxfXT5jhXyM/?utm_source=ig_twitter_share&igshid=jwchcis8f9b6 …",#RewriteTheRules #HuaweiP30Pro #ShotOnAndroid #android #mockodile
1128693263240708096,2019-05-15 16:06:58+00:00,Pocket 7.4.0.0 on Huawei Mate Pro 10 with Android 9,
1128682436999753728,2019-05-15 15:23:57+00:00,"I've used Samsung, HTC, OnePlus abd huawei phones. The best android experience I've had was with oneplus",
1128678250711080961,2019-05-15 15:07:19+00:00,"Android News: ""Huawei offers to sign a no-spy agreement with governments"" http://bit.ly/2WIn7Bb",
1128675549277245440,2019-05-15 14:56:35+00:00,I'm thinking sell iPhone too Adrian. Liking the Huawei so far and I'm thinking sell my apple watch too as its first gen and I can no longer update it. If I sell them then I could get an android watch. I'm crap at just biting the bullet though x,
1128672303640862721,2019-05-15 14:43:41+00:00,"You just tweeted on an android phone hahaha. But yea, Android is an issue. Though their version of Android is better than what you get on Huawei and previously Samsung.",
1128661566948298752,2019-05-15 14:01:01+00:00,"I use an iPhone and an android phone simultaneously. Apple has better security than android, especially a Huawei android, but iOS maps is an atrocity. I never yet paid for an app on the iPhone.",
1128651809550163969,2019-05-15 13:22:15+00:00,Android specifically huawei p smart 2019 just opens up the files app?,
1128648849243897856,2019-05-15 13:10:29+00:00,"#hashtag1 Original Huawei P10 Lite Smartphone Android 7.0 Dual Side Glass Body 4GB 64GB Octa Core 5.2"" 1920*1080P OTA 12MP Mobile Phone pic.twitter.com/lao77atRNP",#hashtag1
1128647014869340161,2019-05-15 13:03:12+00:00,Simple ways to get recent calls back from Huawei Y6 Pro (2019) - https://gmagon.com/simple-ways-to-get-recent-calls-back-from-huawei-y6-pro-2019/ … Android Data Recovery is a must-have tool if you find your call logs on your Huawei Y6 Pro (2019) are missing. Here is the guide for how to recover deleted call logs on Huawei Y6 Pr... pic.twitter.com/YEdWs4p6nW,
1128644999112024064,2019-05-15 12:55:11+00:00,(1/2) Donald Trump to sign an order in which bans the U.S from any involvement with China's #Huawei. The order involves the International Emergency Economic Powers Act which gives the U.S the authority to regulate the conduct of trade when faced with a threat. #huaweiban,#Huawei #huaweiban
1128639876289531904,2019-05-15 12:34:50+00:00,Huawei phone with android one ?,
1128635666571714560,2019-05-15 12:18:06+00:00,Went from huawei to htc to Samsung. My love for android,
1128635166581186562,2019-05-15 12:16:07+00:00,"#Huawei has introduced new #HuaweiY9Prime 2019. Spec are; 6.59""-Inch FHD+ Display, Kirin 710F SoC, Android 9, 4GB RAM 64GB / 128GB storage, Rear 16MP + 8MP + 2MP front 16MP camera, 4000 mAh battery. #gadget7plus Follow & RT @Gadget7Plus for latest tech launch updates.pic.twitter.com/VgeiuDoM4z",#Huawei #HuaweiY9Prime #gadget7plus
1128632951015596032,2019-05-15 12:07:19+00:00,"Tonton ni borked betul. Bukak kat laptop on chrome, huge fly FM banner that you can't close obscures your vision. Bukak on chrome on mac os, Huawei pulak. Pakai android app tak boleh cast. Tutup je lah!",
1128632200671444992,2019-05-15 12:04:20+00:00,Realme X launched in China The OnePlus 7 Killer #smartphones #iphone #s #smartphone #samsung #oneplus #xiaomi #android #apple #technology #mobile #google #tech #huawei #instagram #celulares #plus #f #ios #oppo #vivo #honor #iphonex #sony #lenovo #pro #lg https://www.zeroskip.com/news/realme-x-launched-in-china-the-oneplus-7-killer/ …pic.twitter.com/rOyRFNdecf,#smartphones #iphone #s #smartphone #samsung #oneplus #xiaomi #android #apple #technology #mobile #google #tech #huawei #instagram #celulares #plus #f #ios #oppo #vivo #honor #iphonex #sony #lenovo #pro #lg
1128631958341341184,2019-05-15 12:03:22+00:00,"Anyone gone from an iPhone to Huawei? Apple to Android? If so, was it a bitch? Very tempted to try something new, especially as the Huawei camera quality looks so good!",
1128626302661955584,2019-05-15 11:40:54+00:00,The #huawei #mate20x is THICC! . . . . . . . . . . . . . . . . . . . #smartphone #iphone #apple #samsung #android #technology #mobile #phone #tech #iphonex #ios #instagood #photography #like #huawei #oneplus #pro… https://www.instagram.com/p/Bxe1rcFh8eB/?igshid=41sat8pilwii …,#huawei #mate20x #smartphone #iphone #apple #samsung #android #technology #mobile #phone #tech #iphonex #ios #instagood #photography #like #huawei #oneplus #pro
1128624325236543489,2019-05-15 11:33:02+00:00,New #Deal: http://TOMTOP.com '37% off for HUAWEI P30 6.47inch FHD+ 8GB + 512GB Android 9.0 Kirin 980 Octa http://bit.ly/2MswIbb,#Deal
1128621632682123269,2019-05-15 11:22:20+00:00,@HuaweiMobile does the Huawei mate 20 lite get an update to Android pie?,
1128616711765282819,2019-05-15 11:02:47+00:00,I mess with the Huawei thou I have one right now my thing is having two android phones don't make sense https://twitter.com/qz_the_ruler/status/1128574758625390597 …,
1128616014650851329,2019-05-15 11:00:01+00:00,Order The New Huawei P30 Pro 128GB With Unlimited Minutes/Text & 20GB Data For £48.75 P/M £30 Upfront + With Inclusive O2 Recycle Offer Exchange Your Old Phone Get £100 @O2 #Love #Tech #Android http://tidd.ly/63080883 pic.twitter.com/JC62hYu0aw,#Love #Tech #Android
1128607991341645824,2019-05-15 10:28:08+00:00,OnePlus 7 Pro vs Huawei P30 Pro: the better camera phone #android #androidupdatepic.twitter.com/yFZoyNI84S,#android #androidupdatepic
1128605393926668288,2019-05-15 10:17:49+00:00,"Oga its either iphone or Android, there is nothing like iphone or samsung. Huawei is even better than Samsung",
1128594533510332417,2019-05-15 09:34:39+00:00,Cisco has a long history of backdoor 0days but the media never reports it. Huawei runs android so they have all your data https://twitter.com/IanMCalvert/status/1128548575753986049?s=19 …,
1128591921226682368,2019-05-15 09:24:16+00:00,"As much as I loved the new phone, I just can't do with Android... So it's back to my iPhone. If you like Android, the Huawei P30 Pro is an incredible phone!",
1128580879356448768,2019-05-15 08:40:24+00:00,"Wack has the right of it. Also, the new new android os is slightly closer to apple. @hildewereld as a pogo player you'll be far happier with the huawei than the iphone I promise.. better battery, better performance and actually being able to use decent iv checkers instead of pics",
1128580778386964482,2019-05-15 08:40:00+00:00,Huawei P8 Lite 2017 Android: 8.0.0 (build n. PRA-LX1 8.0.0.400 (C432) Spotify version: 8.5.5.853 Thanks,
1128576128145330177,2019-05-15 08:21:31+00:00,"Whether Samsung or Tecno or Huawei, y'all Android users! Nothing so special about you",
1128575797126733827,2019-05-15 08:20:12+00:00,Don't switch. If you want an Android phone go for Huawei or Samsung,
1128574316529037312,2019-05-15 08:14:19+00:00,"Links to Chinese Government - proof please? That's becoming a security risk - proof please? Oh and one thing, remember that #Huawei runs on Android OS which is owned by Google - a US Tech Co - which tracks & sells your data plus listens to calls! Remind how Google is safer?",#Huawei
1128570812859060224,2019-05-15 08:00:24+00:00,"Android Q Beta: Install it right now on Pixel, OnePlus, Huawei and 13 more phones https://buff.ly/307qOCX pic.twitter.com/yjcpTwjDl3",
1128563001563521030,2019-05-15 07:29:21+00:00,I was really tempted to go for the huawei because it takes the most gorgeous photos and I think it’d last longer than the Samsung or iPhone but I just cannot get used to android and I didn’t want to be unhappy with my operating system for 2 years again haha,
1128562595877785600,2019-05-15 07:27:45+00:00,@Huawei is fast rising to the top with their new flagships. I've been using Huawei branded phones since android came to the market and I've never looked back. With all the problems with @SamsungMobile devices I wouldn't try my luck. And @Apple devices lock you in with no escape.,
1128556633334927360,2019-05-15 07:04:03+00:00,That's bs the big android companies like Samsung (I wanted to say Huawei but they did) and Samsung flagships are really beast,
1128555886761398273,2019-05-15 07:01:05+00:00,"Hi Karim. To make you aware, there is currently an issue with Huawei devices where the app is not compatible with the phone. A new Android build of the get me there app is going through testing at the moment, which should resolve the issues with these devices.",
1128555614647377921,2019-05-15 07:00:00+00:00,"Order The Huawei Mate 20 Pro with a Smart Plan & 30GB Data, Including, Unlimited Minutes/Texts For £59 p/m @EE via @EzMobiles http://tidd.ly/88b2760b #Love #Tech #Android pic.twitter.com/KdKg06Br0N",#Love #Tech #Android
1128552776643096577,2019-05-15 06:48:44+00:00,#tech| #electronics| #computers| #gadgets Huawei MediaPad M5 10.8 inch octa core 4G Ram 32G/64G/128G Rom Wifi / LTE Android 8.0 2K IPS 2560x1600 Fingerprint Android 8.0 pic.twitter.com/Jo0I8200v5,#tech #electronics #computers #gadgets
1128552714118598656,2019-05-15 06:48:29+00:00,"MSM have not reported the major Cisco news from Monday or Tuesday at all because it's a US/Cisco issue/fault - yet they talk about What's App because it was done by Israeli Co! Didn't say that, I said #Huawei like Samsung etc run on Android OS - US Agencies tracking everyone!",#Huawei
1128552601593810945,2019-05-15 06:48:02+00:00,Get #Deal: http://TOMTOP.com '34% off for Original HUAWEI P30 6.1inch 8GB + 128GB Android 9.0 Kirin 980 O http://bit.ly/2MswIbb,#Deal
1128549594441195521,2019-05-15 06:36:05+00:00,"MSM reports Cisco vulnerabilities. Huge catastrophic ones. Like, um, now. I need to Google installing Huawei on Android, tho. That's some next level tech. Thanks for the heads up!",
1128548575753986049,2019-05-15 06:32:02+00:00,"Yes - much safer than any US Co! Cisco has embedded history with CIA & is hacked a lot but MSM never reports it! Amazon, Apple, Facebook & Google listen in to your convo's/share your details & US allows it! Oh BTW, #Huawei run on Android, so US/Google is accessing your data!",#Huawei
1128548164225646592,2019-05-15 06:30:24+00:00,@Huawei when will Huawei roll out the Android Oreo for P10 in Turkey?,
1128540246679756802,2019-05-15 05:58:56+00:00,The only reason I'm still considering the Samsung Galaxy Note 10 is for the S-pen. Otherwise there are much better options out there. #Samsung #note10 #samsunggalaxynote9 #samsunggalaxy #GoogleIO2019 #google #huawei #Android pic.twitter.com/TT5g2MIsUj,#Samsung #note10 #samsunggalaxynote9 #samsunggalaxy #GoogleIO2019 #google #huawei #Android
1128535495808638976,2019-05-15 05:40:04+00:00,New APK Version Update: Huawei Camera 9.1.0.306 (arm-v7a) (Android 8.0+) Download: https://apkdot.com/apk/huawei/huawei-camera-arm-v7a-android-8-0/huawei-camera-9-1-0-306-arm-v7a-android-8-0-2/ …pic.twitter.com/pmjwhe6P67,
1128535491576569857,2019-05-15 05:40:03+00:00,New APK Version Update: Huawei Camera 9.1.0.306 (arm-v7a) (Android 8.0+) Download: https://apkdot.com/apk/huawei/huawei-camera-arm-v7a-android-8-0/huawei-camera-9-1-0-306-arm-v7a-android-8-0/ …pic.twitter.com/DK7WL6u3pP,
1128531464080056322,2019-05-15 05:24:02+00:00,"iOS is the operating system for Apple products. Same way Android is, in this case, for Huawei.",
1128530637864914944,2019-05-15 05:20:45+00:00,Le one plus 7 Pro as tout compris. . #oneplus #t #samsung #iphone #photography #smartphone #xiaomi #android #pro #huawei #apple #shotononeplus #india #vivo #honor #instagram #oppo #plus #mobile #s #photooftheday… https://www.instagram.com/p/BxeKJ-tCZ1K/?igshid=51c38yqyhmvr …,#oneplus #t #samsung #iphone #photography #smartphone #xiaomi #android #pro #huawei #apple #shotononeplus #india #vivo #honor #instagram #oppo #plus #mobile #s #photooftheday
1128523623516360705,2019-05-15 04:52:53+00:00,Android phones in 2030 #Samsung #iPhone #OnePlus #vivo #oppo #asus #huawei #Xiaomipic.twitter.com/y7jCfCuKRz,#Samsung #iPhone #OnePlus #vivo #oppo #asus #huawei #Xiaomipic
1128520755623473152,2019-05-15 04:41:29+00:00,Huawei doesn’t develop any operating system but rely on open source like android. It’s not like they can’t make one but it’s pointless to reinvent the wheel.,
1128513972653527040,2019-05-15 04:14:32+00:00,"Huawei, Samsung, and Google are the only android phones that can match Apple.",
1128509347359744000,2019-05-15 03:56:09+00:00,"I think Android Q is in under evolution phase, Android pie already released in last year and running on lots of mobile, even on other Huawei mobiles also, under EMUI 9. Why not on my device. a very fare question? https://twitter.com/HuaweiIndia/status/1128497951146434561 …",
1128507268717268997,2019-05-15 03:47:54+00:00,"Mini tablets doesn't ring a bell. I use some Huawei Watch 2 that I got on a decent special. Hardware is secondary, wanted the Android part for possible dev toy :-)",
1128491447609589760,2019-05-15 02:45:02+00:00,"Android Q Beta: Install it right now on Pixel, OnePlus, Huawei and 13 more phones https://buff.ly/307qOCX pic.twitter.com/p3AHteNE7y",
1128484781350621185,2019-05-15 02:18:32+00:00,"Thank you for contacting Huawei. Please be advised that our Sales Team is sending the GT Watch for those who pre-ordered the P30 and P30 Pro. As for the Android Q, we suggest you to follow our Official Channels to know the latest news and events. Thank you.",
1128480467831984131,2019-05-15 02:01:24+00:00,"HUAWEI Watch 2 - Smartwatch Android (Bluetooth, Wi... por 159.2€. Baja un: 20% - https://amzn.to/2x0JEiS pic.twitter.com/lpfybzKkLM",
1128473638112563208,2019-05-15 01:34:16+00:00,"@Huawei Hi, Do you think that making a fixed-line telephone with Android system and a screen is a good idea?",
1128473538392883201,2019-05-15 01:33:52+00:00,OnePlus 7 Pro DxOMark score should give Samsung and Huawei pause #android #androidupdatepic.twitter.com/81mnZoJCd1,#android #androidupdatepic
1128472523929202691,2019-05-15 01:29:50+00:00,#OnePlus 7 Pro DxOMark score should give Samsung and Huawei pause https://goo.gl/fb/VUng2L #archive #android #mobile,#OnePlus #archive #android #mobile
1128470672869593091,2019-05-15 01:22:29+00:00,"@joerogan Joe Huawei is by far the best bang for your Android smartphone buck, I'm a bay area native & if there was a better phone for the price I would know about it yesterday..",
1128455856620810240,2019-05-15 00:23:36+00:00,"as for the why?, i always preferred android over apple, althought i'm not sure which one is better between the galaxy and the huawei, i would go for the galaxy myself",
1128444513863831552,2019-05-14 23:38:32+00:00,"Yes Android is fragmented but now you're seeing 3 or 4 major players perfecting it. Pixel, OnePlus, Samsung, Huawei. To a lesser extent Xiaomi. Blackberry had a diehard loyalty and also pretty much the entire corporate sector, still got left behind. Apple isn't too big to fail.",
1128418484373860354,2019-05-14 21:55:06+00:00,"Huawei ur Android phone I Phone ya all of them, Huawei is also out selling these phones in America",
1128410255992467456,2019-05-14 21:22:24+00:00,#hashtag2 Smartwatch DZ09 Android Phone Call Support GSM SIM TF Card Camera for iPhone Samsung HUAWEI pic.twitter.com/ebqODJE5ba,#hashtag2
1128401300507459584,2019-05-14 20:46:49+00:00,All OnePlus 7 stock wallpapers available in the site! Go to http://motionwall.it Follow us @motionwallit #oneplus #oneplus7 #oneplus7series #wallpapers #lockscreen #motionwall #apple #ios #android #background #smartphone #samsung #huawei pic.twitter.com/8WKyN9H7bJ,#oneplus #oneplus7 #oneplus7series #wallpapers #lockscreen #motionwall #apple #ios #android #background #smartphone #samsung #huawei
1128396856780832768,2019-05-14 20:29:09+00:00,"New post: Huawei P20 Lite 2019 Is Real After All, Here’s The Info: Leak – Android Headlines http://gossip8.com/?p=10223",
1128382545199017987,2019-05-14 19:32:17+00:00,Alleged Huawei MediaPad M6 UAProf Documents Reveal Display Resolutions and Android 9 Pie OS http://bit.ly/2Jjukon,
1128382025918971904,2019-05-14 19:30:13+00:00,"gold color arrived , limited quantity #HUAWEI #P10 VTR L29 4gb 64gb octa core 20.0mp android 4g lte smartphone unlocked #Huawei https://ebay.us/kZZsUG via @eBay",#HUAWEI #P10 #Huawei
1128380993038110722,2019-05-14 19:26:07+00:00,"Bonge LA simu hilo,labda huawei P30 tu ndio watakimbizana otherwise the best android you can get hands down",
1128378911144984583,2019-05-14 19:17:51+00:00,"OnePlus run OxygenOS on top of Android, Samsung runs OneUI on top of Android, Huawei runs MUI on top Android, Pixel wana Pure stock Android",
1128374421121638400,2019-05-14 19:00:00+00:00,"Order The Huawei Mate 20 Pro with a Smart Plan & 30GB Data, Including, Unlimited Minutes/Texts For £59 p/m @EE via @EzMobiles http://tidd.ly/88b2760b #Love #Tech #Android pic.twitter.com/9m8Xt7Gg7j",#Love #Tech #Android
1128370578442866694,2019-05-14 18:44:44+00:00,"Tried on a different device with different account, the same problem again. Telegram version: 5.6.1-1590 arm64-v8a Huawei Honor 7 Android version 5.0.2 pic.twitter.com/bW2y9I3n5n",
1128365924820639744,2019-05-14 18:26:15+00:00,"Hey Fatz, we're aware of an issue with the #All4 app not being available for some Huawei devices and our android team are looking into it. We're sorry about this but please keep checking the play store for future updates.",#All4
1128364784565587968,2019-05-14 18:21:43+00:00,Oneplus 6t and oneplus 7 pro . . Follow @omithelegend. . . . . . #oneplus #oneplus6t #oneplus7 #oneplus7pro #google #android #apple #iPhone #iphonexs #iphonexsmax #samsung #huawei… https://www.instagram.com/p/Bxc-wLTnW6j/?utm_source=ig_twitter_share&igshid=pvg6y7nfgneq …,#oneplus #oneplus6t #oneplus7 #oneplus7pro #google #android #apple #iPhone #iphonexs #iphonexsmax #samsung #huawei
1128364005565902849,2019-05-14 18:18:37+00:00,"This is huge for me too. For the first since LG having an Android OEM giving a shit about haptics. I wasn't expecting it to come from oneplus. Considering Samsung and Huawei are both bad and really bad in that aspect, years after Apple's tapict engine.",
1128355220646440962,2019-05-14 17:43:43+00:00,"Huawei makes great hardware, mathata ke software ya teng, that ui is just some ol bullshit... Its a lil better when running with android pie though...",
1128352983803146240,2019-05-14 17:34:49+00:00,B Ut dUdE aPpLe sUx tHeY R sO bEhInD mY 69 YeAr oLd HuaWeI rUnNiNg sToCk aNdRoiD 1.7 cHeEsE aNd CrAckErZ hAs .56854&$% mOrE dPi tHaN iPhOnE xR uR loSs DuDe :-) pic.twitter.com/DY8dx3iqTe,
1128350127431643136,2019-05-14 17:23:28+00:00,"@AirAsiaSupport I kept getting this message after updated to the new version of AirAsia app on android platform (Huawei P30). I just couldn't click on ""search flight"". pic.twitter.com/a68UABpJEd",
1128349547766398976,2019-05-14 17:21:10+00:00,A YouTuber I follow changed from iPhone to android (Samsung but I love Huawei too) and she's never been happier so I'd recommend android (also because I've never had iPhones and probably never will skksks).,
1128344121159180293,2019-05-14 16:59:36+00:00,"#Huawei - #Honor20 Kirin 980, 6GB RAM, Android 9 on Geekbench pic.twitter.com/Hh1wkTIHdB",#Huawei #Honor20
1128340847852785664,2019-05-14 16:46:36+00:00,Same here the most hype was for pixel 2 for its camera and now its outnumbered with rocket burstin devices from Huawei now Oneplus and samsung have joined the fray! They should just go down to develop useful apps as always and improve android,
1128337446695911424,2019-05-14 16:33:05+00:00,OnePlus 7 Pro is here! #oneplus7pro #7pro #samsung #iphone #photography #smartphone #xiaomi #android #pro #huawei #apple #shotononeplus #india #vivo #honor #oppo #plus #mobile #s #photooftheday #tech #google #technology #iphonex #nokiapic.twitter.com/U0ZRf2lUx9,#oneplus7pro #7pro #samsung #iphone #photography #smartphone #xiaomi #android #pro #huawei #apple #shotononeplus #india #vivo #honor #oppo #plus #mobile #s #photooftheday #tech #google #technology #iphonex #nokiapic
1128337296963588096,2019-05-14 16:32:29+00:00,Huawei Honor 8X MobilePhone 6.5 inch Screen Battery Android 8.2 Dual Back 20MP Camera 229.48 € and FREE Shipping Fast and Free Shipping World Shop pic.twitter.com/1aDI8lcDaE,
1128328274969595905,2019-05-14 15:56:38+00:00,"lovely year for #Android: Samsung, Huawei and now OnePlus are raising the bar. This is much better than last year, I am glad the Vivo Nex concept evolved into something global",#Android
1128328098603261953,2019-05-14 15:55:56+00:00,tbh android kinda shit but i know some like the huawei mate and samsung galaxy s10.,
1128322879286841344,2019-05-14 15:35:12+00:00,"This is Apple’s new iPhone 11 design, and we need it right now https://apple.news/AakXErnS1TTau_b19f7uPWg … ———————————————————— #apple #iphone #samsung #plus #iphonex #ios #android #technology #smartphone #s #tech #applewatch #iphonexsmax #love #like #photography #huawei",#apple #iphone #samsung #plus #iphonex #ios #android #technology #smartphone #s #tech #applewatch #iphonexsmax #love #like #photography #huawei
1128320278889582592,2019-05-14 15:24:52+00:00,It's official they look beast. . . Follow @omithelegend . . . . . #oneplus #oneplus7 #oneplus7pro #google #android #apple #iPhone #huawei #oppo #tech #Technology #techie #techlover… https://www.instagram.com/p/Bxcqg79n4qz/?utm_source=ig_twitter_share&igshid=gfdg14vyii1t …,#oneplus #oneplus7 #oneplus7pro #google #android #apple #iPhone #huawei #oppo #tech #Technology #techie #techlover
1128319703829680128,2019-05-14 15:22:35+00:00,"HUAWEI Y9 Prime 2019 with 6.59-inch FHD+ display, triple rear cameras, pop-up front camera, Android 9 Pie launched Huawei Y9 Prime 2019 specifications - 6.5-inch (2340 × 1080 pixels) Full HD+ 19:5:9 2.5D curved... https://www.facebook.com/TheMobile360/posts/2437460722983564 …",
1128304975581523968,2019-05-14 14:24:03+00:00,Yes Android (samsung & Huawei). https://twitter.com/arabqoute/status/1128302696253890560 …,
1128304941611663360,2019-05-14 14:23:55+00:00,"Top Tech News Today: Mi A3 Officially Teased, Huawei P Smart Z, Android Q, PUBG Banned In China https://trak.in/tags/business/2019/05/08/top-tech-news-today-mi-a3-officially-teased-huawei-p-smart-z-android-q-pubg-banned-in-china/ …",
1128301810484240384,2019-05-14 14:11:29+00:00,"#Huawei - #Honor20 - Honor 20 Kirin 980, 6GB RAM, Android 9 Geekbench http://www.slashleaks.com/l/honor-20-kirin-980-6gb-ram-android-9-geekbench …pic.twitter.com/h6WsPF7rSW",#Huawei #Honor20
1128299680062795776,2019-05-14 14:03:01+00:00,With the @Huawei P30 Pro the 50 times zoom is like carrying a telescope in your back pocket if you have steady hands. Read the full review: https://www.itworldcanada.com/article/huawei-p30-pro-review-a-telescope-in-your-pocket/417485 … #Huawei #P30 #android,#Huawei #P30 #android
1128299634697183233,2019-05-14 14:02:50+00:00,"HUAWEI Y9 Prime 2019 with 6.59-inch FHD+ display, triple rear cameras, pop-up front camera, Android 9 Pie announced pic.twitter.com/YVcXEPBLzy",
1128298217505021953,2019-05-14 13:57:12+00:00,"Roland Quandt on Twitter: ""This is the Huawei P20 Lite 2019 - same size, but punch hole camera on the front and four camera sensors on rear"" #Android http://bit.ly/2YqSEIm",#Android
1128285584374550528,2019-05-14 13:07:00+00:00,Android 10 Q : Huawei et Honor annoncent 8 smartphones compatibles https://buff.ly/2JtKJ8Y,
1128284636621213696,2019-05-14 13:03:14+00:00,I know Samsung and Huawei have MUCH larger market share than OnePlus. But honestly as far as Android phones go. OnePlus is where it's at for me! Cant wait for the stream to start!!! https://twitter.com/Snowx2k5/status/1128283990027382784 …,
1128282949936222209,2019-05-14 12:56:32+00:00,Honor 20 with 6GB RAM visits Geekbench. Single-core score - 3278 Multi-core score - 9709 #honor20 #honor20pro #huawei #honor #smartphones #android #may21 #honor20upcoming #androidupdated #androidsmartphonespic.twitter.com/5fPSkBPIsd,#honor20 #honor20pro #huawei #honor #smartphones #android #may21 #honor20upcoming #androidupdated #androidsmartphonespic
1128282226431541248,2019-05-14 12:53:39+00:00,Check out #HUAWEI P10 VTR-L29 Dual Sim Unlocked 4gb 64gb Octa Core Android Lte Smartphone #Huawei https://ebay.us/AeVwNy via @eBay,#HUAWEI #Huawei
1128274537362096133,2019-05-14 12:23:06+00:00,"Unlike iOS, android isn’t a software used by one manufacturer, companies like Samsung, huawei, xiaomi make sure they’re product is top of the line when it comes to software, if one specific brand decided not to, that shouldn’t put the blame on all of android is what I’m saying.",
1128268523078336512,2019-05-14 11:59:12+00:00,"The Huawei P30, Huawei Mate 20, Honor View 20, and Honor Magic 2 will be the first from Huawei and Honor to get Android Q - XDA Developers androiddev #android pic.twitter.com/EDNylaST6c",#android
1128253622880354305,2019-05-14 11:00:00+00:00,Order The New Huawei P30 Pro 128GB With Unlimited Minutes/Text & 20GB Data For £48.75 P/M £30 Upfront + With Inclusive O2 Recycle Offer Exchange Your Old Phone Get £100 @O2 #Love #Tech #Android http://tidd.ly/63080883 pic.twitter.com/tgRb8m52ue,#Love #Tech #Android
1128253347906183168,2019-05-14 10:58:54+00:00,"new one plus is released today. highly recommended, almost vanilla android. Huawei and Samsung come filled with bloatware you will never use.",
1128251555491106816,2019-05-14 10:51:47+00:00,Huawei Nova 3 gets ViLTE feature with latest firmware update - details @HuaweiMobile #Huaweinova3 #ViLTE #Android https://huaweiadvices.com/huawei-nova-3-gets-a-new-software-update-brings-vilte-support-and-april-security-patch/ …,#Huaweinova3 #ViLTE #Android
1128247887081738241,2019-05-14 10:37:12+00:00,"Huawei P20 Lite 2019 leaked: Four rear cameras, punch-hole display, confusing name http://bit.ly/2vYw39W #Android",#Android
1128243612108697601,2019-05-14 10:20:13+00:00,"HUAWEI Y9 Prime 2019 with 6.59-inch FHD+ display, triple rear cameras, pop-up front camera, Android 9 Pie announced https://www.fonearena.com/blog/282180/huawei-y9-prime-2019-price-specifications.html …",
1128234616144453632,2019-05-14 09:44:28+00:00,"HUAWEI Y9 Prime 2019 with 6.59-inch FHD+ display, triple rear cameras, pop-up front camera, Android 9 Pie announced http://bit.ly/2YtuBZg #tech",#tech
1128234310127894528,2019-05-14 09:43:15+00:00,"HUAWEI Y9 Prime 2019 with 6.59-inch FHD+ display, triple rear cameras, pop-up front camera, Android 9 Pie announced https://2fa.in/2W3LRXM pic.twitter.com/PbRm1bB7Tz",
1128233754231750656,2019-05-14 09:41:03+00:00,"HUAWEI Y9 Prime 2019 with 6.59-inch FHD+ display, triple rear cameras, pop-up front camera, Android 9 Pie announced http://bit.ly/2YtuBZg",
1128230026653110273,2019-05-14 09:26:14+00:00,The Huawei P20 Lite may get refreshed with a hole punch display and Kirin 710 http://bit.ly/2Vl6gmx #tech #android,#tech #android
1128227977551056897,2019-05-14 09:18:05+00:00,The Huawei P20 Lite may get refreshed with a hole punch display and Kirin 710 http://bit.ly/2Vl6gmx #android,#android
1128219502615900160,2019-05-14 08:44:25+00:00,FRLC Micro USB Cable 2.4A Fast Charger Micro usb Cord For Samsung S7 S6 A9 for huawei/Xiaomi/LG/HTC/Tablet Android Phone charger http://pcreviewtablets.com/frlc-micro-usb-cable-2-4a-fast-charger-micro-usb-cord-for-samsung-s7-s6-a9-for-huawei-xiaomi-lg-htc-tablet-android-phone-charger/ …pic.twitter.com/u4o8QR9r7U,
1128217428239032320,2019-05-14 08:36:10+00:00,"My fellow Android users, which of the Android X devices are you using ? Camon 11 / 11 pro Spark 3 Huawei Y6 Huawei Y9 Huawei Nova 3 Infinix Hot 6 x.",
1128217140119638016,2019-05-14 08:35:02+00:00,"Android Q Beta: Install it right now on Pixel, OnePlus, Huawei and 13 more phones https://buff.ly/307qOCX pic.twitter.com/gkX5ZMSb52",
1128215687753760768,2019-05-14 08:29:15+00:00,New Huawei Honor Note 10 6GB/8GB RAM 64GB/128GB ROM Kirin 970 Octa-core Smart Phone Dual SIM 6.95'' Android 8.1 Rear 24.0+16.0MP http://www.grab-it-store.com/new-huawei-honor-note-10-6gb-8gb-ram-64gb-128gb-rom-kirin-970-octa-core-smart-phone-dual-sim-6-95-android-8-1-rear-24-016-0mp/ … #fashion| #tech| #sport| #lifestylepic.twitter.com/JaYF3qm8Ep,#fashion #tech #sport #lifestylepic
1128215025146105856,2019-05-14 08:26:37+00:00,#Huawei P20 Lite 2019 -> http://www.androidiani.com/news/huawei-p20-lite-2019-358137 … pic.twitter.com/CulOmszdvO #android #telefononews,#Huawei #android #telefononews
1128193225879986176,2019-05-14 07:00:00+00:00,"Order The Huawei Mate 20 Pro with a Smart Plan & 30GB Data, Including, Unlimited Minutes/Texts For £59 p/m @EE via @EzMobiles http://tidd.ly/88b2760b #Love #Tech #Android pic.twitter.com/nWahtQUsXP",#Love #Tech #Android
1128188468490797056,2019-05-14 06:41:06+00:00,#anniversarypresent #beautiful Cawono Bluetooth DZ09 Smart Watch Relogio Android Smartwatch Phone Call SIM TF Camera for IOS iPhone Samsung HUAWEI VS Y1 Q18 pic.twitter.com/9anSa1dNYs,#anniversarypresent #beautiful
1128173852255825920,2019-05-14 05:43:01+00:00,"Huawei Watch GT Smartwatch, Display Touch 1.39"" AMOLED, Fitness Tracker con GPS, Rilevazione Battito Cardiaco, Resistente all'Acqua 5 ATM, Nero: http://Amazon.it : Elettronica https://buff.ly/30ckEkV @Huawei #Smartwatches #Android #fitness #iOSpic.twitter.com/jqNvVj2Cj6",#Smartwatches #Android #fitness #iOSpic
1128163128439652357,2019-05-14 05:00:24+00:00,"Huawei Honor 7C ,32GB,3GB RAM @Ksh.16500 + FREE DELIVERY(pay on delivery) -0705596611 Key specs •5.99 inch display, •OS: Android v8.0 Oreo •Octa-core 1.8GHz , Snapdragon 450 chipset •Back camera: Dual: 13MP + 2MP, LED flash, •Front camera: 8MP, LED flash •3000mAh battery pic.twitter.com/e7rJd13WPg",
1128143699622469633,2019-05-14 03:43:12+00:00,Huawei P30 Pro Camera Review: The one you’ll reach for http://bit.ly/2LUq4ht #android,#android
1128143170561245185,2019-05-14 03:41:06+00:00,Huawei P30 Pro Camera Review: The one you’ll reach for http://bit.ly/2LUq4ht #tech #android,#tech #android
1128139903794126849,2019-05-14 03:28:07+00:00,"Thank you for reaching Huawei. Kindly stay tuned to our Huawei PH Facebook page, Twitter page or website (http://consumer.huawei.com/ph/ ) for any announcement, concerning the release of the latest Android version per smartphone.",
1128136433305378816,2019-05-14 03:14:20+00:00,Huawei P30 Pro review: CAMERA FOCUS You want a full beauty of your reflection? Check this out https://www.droidvilla.com/2019/05/huawei-p30-pro-review-camera-focus.html … #android #HuaweiP30Series #Huawei #specs #phones,#android #HuaweiP30Series #Huawei #specs #phones
1128129592781238272,2019-05-14 02:47:09+00:00,How to Transfer Data from Android/iPhone to HUAWEI P30? – http://beego.cc http://howto.beego.cc/transfer-data-from-android-iphone-to-huawei-p30/#.XNosI0uMkMQ.twitter …,#
1128128590527201280,2019-05-14 02:43:10+00:00,Android is better. Get a Huawei.,
1128124388107259906,2019-05-14 02:26:28+00:00,"Anything running Android Wear, tbh. They all suffer the same problems. TicWatch and Huawei make good ones. LG, which is a brand I'll never stand behind for anything, actually nailed it with their watches, especially since they're like $150.",
1128118740359340032,2019-05-14 02:04:01+00:00,"i've always been an android user tho, but not samsung, only xperia and huawei so I might just try to use one since the one im using is slowly dying. wow that's nice. how's the battery life btw???",
1128107212008771585,2019-05-14 01:18:13+00:00,Since u have Twitter for Huawei y331 but its also android plz explain !! pic.twitter.com/reOGT96s9S,
1128095193062731777,2019-05-14 00:30:27+00:00,"Samsung Galaxy Note 10 is honestly the only Android flagship I’m really looking forward to alongside Google Pixel 4 XL. Samsung software’s increasingly getting polished and significantly better than Huawei’s EMUI, while its hardware is undoubtedly solid in almost all facets.",
